Credit rating,Age,Income level,Number of credit cards,Education,Car loans,Partition
"Bad",36.219819,"Medium","5 or more","College","More than 2","1_TEST CUSTOMER"
"Bad",39.324885,"Medium","5 or more","College","More than 2","1_TEST CUSTOMER"
"Bad",34.717905,"Low","5 or more","High school","More than 2","1_TEST CUSTOMER"
"Bad",22.762680,"Low","5 or more","College","More than 2","2_CHECK CUSTOMER"
"Bad",45.965766,"Low","5 or more","High school","More than 2","1_TEST CUSTOMER"
"Bad",29.386049,"Medium","5 or more","High school","More than 2","1_TEST CUSTOMER"
"Bad",34.127250,"Low","5 or more","College","More than 2","1_TEST CUSTOMER"
"Bad",35.965569,"Medium","5 or more","College","More than 2","1_TEST CUSTOMER"
"Bad",26.263078,"High","5 or more","College","More than 2","1_TEST CUSTOMER"
"Bad",29.232315,"Medium","5 or more","High school","More than 2","1_TEST CUSTOMER"
"Bad",20.160660,"Medium","5 or more","High school","More than 2","1_TEST CUSTOMER"
"Bad",29.490189,"Medium","5 or more","College","More than 2","1_TEST CUSTOMER"
"Bad",25.430951,"Medium","5 or more","College","More than 2","2_CHECK CUSTOMER"
"Bad",40.185457,"Low","5 or more","College","None or 1","1_TEST CUSTOMER"
"Bad",27.980909,"High","5 or more","High school","None or 1","1_TEST CUSTOMER"
"Bad",28.609255,"Medium","5 or more","College","More than 2","2_CHECK CUSTOMER"
"Bad",20.789141,"Medium","5 or more","High school","More than 2","1_TEST CUSTOMER"
"Bad",24.483401,"Low","5 or more","High school","More than 2","1_TEST CUSTOMER"
"Bad",47.156571,"Medium","5 or more","College","More than 2","1_TEST CUSTOMER"
"Bad",24.676674,"Medium","5 or more","High school","More than 2","1_TEST CUSTOMER"
"Bad",30.812853,"High","5 or more","High school","More than 2","1_TEST CUSTOMER"
"Bad",20.888271,"Low","5 or more","High school","More than 2","2_CHECK CUSTOMER"
"Bad",21.050187,"Medium","5 or more","College","More than 2","1_TEST CUSTOMER"
"Bad",32.432073,"Medium","5 or more","High school","More than 2","1_TEST CUSTOMER"
"Bad",31.350943,"Medium","5 or more","High school","More than 2","1_TEST CUSTOMER"
"Bad",22.926201,"Medium","5 or more","College","More than 2","1_TEST CUSTOMER"
"Bad",35.146405,"Medium","5 or more","High school","More than 2","2_CHECK CUSTOMER"
"Bad",37.325912,"Low","5 or more","High school","More than 2","2_CHECK CUSTOMER"
"Bad",32.918878,"Low","5 or more","High school","More than 2","1_TEST CUSTOMER"
"Bad",23.854293,"Low","5 or more","College","More than 2","1_TEST CUSTOMER"
"Bad",20.659898,"Low","5 or more","High school","More than 2","1_TEST CUSTOMER"
"Bad",20.964445,"Low","5 or more","College","None or 1","1_TEST CUSTOMER"
"Bad",24.454183,"Medium","5 or more","High school","More than 2","1_TEST CUSTOMER"
"Bad",27.062442,"Low","5 or more","High school","More than 2","1_TEST CUSTOMER"
"Bad",38.058841,"Low","5 or more","College","More than 2","1_TEST CUSTOMER"
"Bad",33.280905,"Low","5 or more","College","More than 2","2_CHECK CUSTOMER"
"Bad",44.131167,"Medium","5 or more","High school","None or 1","1_TEST CUSTOMER"
"Bad",36.981075,"Medium","5 or more","College","More than 2","1_TEST CUSTOMER"
"Bad",24.157021,"Low","5 or more","College","More than 2","1_TEST CUSTOMER"
"Bad",20.375019,"Low","5 or more","College","More than 2","1_TEST CUSTOMER"
"Bad",32.668886,"Medium","5 or more","College","More than 2","1_TEST CUSTOMER"
"Bad",20.572878,"Low","5 or more","High school","More than 2","1_TEST CUSTOMER"
"Bad",26.658842,"Low","Less than 5","High school","None or 1","2_CHECK CUSTOMER"
"Bad",50.825931,"Low","5 or more","High school","More than 2","1_TEST CUSTOMER"
"Bad",29.255329,"Low","5 or more","College","More than 2","1_TEST CUSTOMER"
"Bad",35.217775,"Medium","5 or more","College","More than 2","1_TEST CUSTOMER"
"Bad",35.817938,"Low","5 or more","College","None or 1","1_TEST CUSTOMER"
"Bad",23.396598,"Medium","5 or more","High school","More than 2","2_CHECK CUSTOMER"
"Bad",21.860814,"Medium","5 or more","College","More than 2","2_CHECK CUSTOMER"
"Bad",24.042646,"Low","5 or more","High school","More than 2","1_TEST CUSTOMER"
"Bad",25.717911,"Medium","5 or more","College","More than 2","1_TEST CUSTOMER"
"Bad",36.620295,"Medium","5 or more","High school","More than 2","1_TEST CUSTOMER"
"Bad",29.050418,"Low","5 or more","College","More than 2","1_TEST CUSTOMER"
"Bad",22.174116,"Low","5 or more","High school","More than 2","1_TEST CUSTOMER"
"Bad",42.927912,"Low","5 or more","College","More than 2","1_TEST CUSTOMER"
"Bad",24.239845,"Low","5 or more","College","More than 2","1_TEST CUSTOMER"
"Bad",25.815167,"Low","5 or more","College","More than 2","1_TEST CUSTOMER"
"Bad",20.744928,"Medium","5 or more","High school","More than 2","1_TEST CUSTOMER"
"Bad",52.954417,"Low","5 or more","College","More than 2","1_TEST CUSTOMER"
"Bad",25.348132,"Medium","5 or more","College","More than 2","2_CHECK CUSTOMER"
"Bad",28.121609,"Low","5 or more","College","More than 2","1_TEST CUSTOMER"
"Bad",29.505454,"Low","5 or more","High school","More than 2","1_TEST CUSTOMER"
"Bad",35.896040,"Low","5 or more","College","More than 2","1_TEST CUSTOMER"
"Bad",20.140081,"Medium","5 or more","High school","More than 2","1_TEST CUSTOMER"
"Bad",23.226764,"Low","5 or more","College","More than 2","1_TEST CUSTOMER"
"Bad",44.821069,"Low","5 or more","High school","More than 2","1_TEST CUSTOMER"
"Bad",43.573314,"Medium","5 or more","College","More than 2","1_TEST CUSTOMER"
"Bad",26.797663,"High","5 or more","College","More than 2","1_TEST CUSTOMER"
"Bad",39.979809,"High","5 or more","College","More than 2","2_CHECK CUSTOMER"
"Bad",31.475303,"Medium","Less than 5","High school","None or 1","1_TEST CUSTOMER"
"Bad",23.640602,"Low","5 or more","High school","More than 2","1_TEST CUSTOMER"
"Bad",33.181440,"Low","5 or more","High school","More than 2","1_TEST CUSTOMER"
"Bad",31.010350,"Low","5 or more","High school","More than 2","1_TEST CUSTOMER"
"Bad",25.522398,"Low","5 or more","High school","More than 2","1_TEST CUSTOMER"
"Bad",20.722190,"Low","5 or more","College","More than 2","1_TEST CUSTOMER"
"Bad",33.090302,"Low","5 or more","High school","More than 2","1_TEST CUSTOMER"
"Bad",44.614581,"Low","5 or more","College","None or 1","2_CHECK CUSTOMER"
"Bad",22.316439,"High","5 or more","College","More than 2","1_TEST CUSTOMER"
"Bad",32.196810,"Low","5 or more","College","More than 2","2_CHECK CUSTOMER"
"Bad",30.259851,"Medium","5 or more","High school","More than 2","1_TEST CUSTOMER"
"Bad",54.675293,"Medium","5 or more","High school","More than 2","1_TEST CUSTOMER"
"Bad",20.142021,"Low","5 or more","College","More than 2","1_TEST CUSTOMER"
"Bad",29.248311,"Low","5 or more","College","More than 2","2_CHECK CUSTOMER"
"Bad",38.141900,"Low","5 or more","High school","More than 2","1_TEST CUSTOMER"
"Bad",20.636091,"Medium","5 or more","High school","None or 1","1_TEST CUSTOMER"
"Bad",31.385979,"Low","5 or more","College","More than 2","1_TEST CUSTOMER"
"Bad",39.797804,"Low","5 or more","College","More than 2","2_CHECK CUSTOMER"
"Bad",33.174461,"Low","5 or more","College","More than 2","1_TEST CUSTOMER"
"Bad",43.371246,"Low","5 or more","College","None or 1","1_TEST CUSTOMER"
"Bad",40.674425,"Medium","Less than 5","College","None or 1","1_TEST CUSTOMER"
"Bad",31.628185,"Low","5 or more","College","More than 2","1_TEST CUSTOMER"
"Bad",41.670189,"Medium","5 or more","College","More than 2","1_TEST CUSTOMER"
"Bad",23.075137,"Medium","5 or more","High school","None or 1","1_TEST CUSTOMER"
"Bad",23.628451,"Medium","5 or more","High school","More than 2","1_TEST CUSTOMER"
"Bad",24.202476,"Medium","5 or more","High school","More than 2","1_TEST CUSTOMER"
"Bad",24.864560,"Medium","5 or more","High school","More than 2","1_TEST CUSTOMER"
"Bad",33.743440,"Medium","5 or more","College","More than 2","1_TEST CUSTOMER"
"Bad",24.222408,"Low","5 or more","College","More than 2","1_TEST CUSTOMER"
"Bad",37.563026,"Low","5 or more","High school","None or 1","1_TEST CUSTOMER"
"Bad",23.603585,"Low","5 or more","High school","More than 2","1_TEST CUSTOMER"
"Bad",34.510645,"Low","5 or more","College","More than 2","1_TEST CUSTOMER"
"Bad",32.747352,"Low","5 or more","College","More than 2","1_TEST CUSTOMER"
"Bad",22.427952,"Medium","5 or more","High school","More than 2","1_TEST CUSTOMER"
"Bad",31.801995,"Medium","5 or more","High school","None or 1","1_TEST CUSTOMER"
"Bad",37.318194,"Low","5 or more","College","More than 2","1_TEST CUSTOMER"
"Bad",40.757641,"Low","5 or more","College","More than 2","1_TEST CUSTOMER"
"Bad",30.290568,"Medium","5 or more","High school","More than 2","1_TEST CUSTOMER"
"Bad",20.572461,"Low","5 or more","College","More than 2","1_TEST CUSTOMER"
"Bad",29.599120,"Medium","5 or more","College","None or 1","1_TEST CUSTOMER"
"Bad",21.392124,"Low","5 or more","High school","More than 2","1_TEST CUSTOMER"
"Bad",26.523511,"Medium","Less than 5","High school","None or 1","1_TEST CUSTOMER"
"Bad",24.874258,"Medium","5 or more","College","More than 2","1_TEST CUSTOMER"
"Bad",31.894717,"Medium","5 or more","College","More than 2","2_CHECK CUSTOMER"
"Bad",24.714522,"Medium","5 or more","High school","More than 2","1_TEST CUSTOMER"
"Bad",35.117128,"Medium","5 or more","High school","More than 2","1_TEST CUSTOMER"
"Bad",32.563187,"Medium","5 or more","College","More than 2","1_TEST CUSTOMER"
"Bad",35.032573,"Medium","5 or more","High school","More than 2","1_TEST CUSTOMER"
"Bad",43.273702,"Medium","5 or more","College","More than 2","1_TEST CUSTOMER"
"Bad",25.010971,"Medium","5 or more","High school","More than 2","1_TEST CUSTOMER"
"Bad",26.606923,"Low","5 or more","College","More than 2","1_TEST CUSTOMER"
"Bad",35.240919,"Low","5 or more","High school","More than 2","1_TEST CUSTOMER"
"Bad",38.612486,"Medium","5 or more","High school","More than 2","1_TEST CUSTOMER"
"Bad",33.531109,"Medium","5 or more","High school","More than 2","1_TEST CUSTOMER"
"Bad",22.530327,"Medium","5 or more","High school","More than 2","1_TEST CUSTOMER"
"Bad",46.512940,"Low","5 or more","College","More than 2","2_CHECK CUSTOMER"
"Bad",35.564114,"High","5 or more","College","More than 2","1_TEST CUSTOMER"
"Bad",28.247879,"Medium","5 or more","College","More than 2","2_CHECK CUSTOMER"
"Bad",37.120807,"Medium","Less than 5","High school","None or 1","1_TEST CUSTOMER"
"Bad",37.071326,"Medium","Less than 5","College","None or 1","2_CHECK CUSTOMER"
"Bad",29.209775,"Medium","5 or more","College","More than 2","1_TEST CUSTOMER"
"Bad",25.406183,"Low","5 or more","College","More than 2","1_TEST CUSTOMER"
"Bad",34.306475,"Low","5 or more","College","More than 2","2_CHECK CUSTOMER"
"Bad",24.965542,"Low","Less than 5","High school","None or 1","1_TEST CUSTOMER"
"Bad",20.232651,"Low","5 or more","College","More than 2","1_TEST CUSTOMER"
"Bad",23.317100,"Medium","5 or more","College","More than 2","1_TEST CUSTOMER"
"Bad",26.167004,"Medium","5 or more","College","More than 2","1_TEST CUSTOMER"
"Bad",30.318791,"Medium","5 or more","College","More than 2","1_TEST CUSTOMER"
"Bad",22.068044,"Medium","5 or more","College","More than 2","2_CHECK CUSTOMER"
"Bad",26.666457,"High","5 or more","High school","More than 2","1_TEST CUSTOMER"
"Bad",28.725953,"Low","5 or more","High school","More than 2","1_TEST CUSTOMER"
"Bad",25.841249,"Low","5 or more","College","None or 1","1_TEST CUSTOMER"
"Bad",29.397366,"Medium","5 or more","College","More than 2","1_TEST CUSTOMER"
"Bad",39.151875,"Low","5 or more","College","More than 2","1_TEST CUSTOMER"
"Bad",22.794718,"High","5 or more","High school","More than 2","1_TEST CUSTOMER"
"Bad",20.044950,"Medium","5 or more","High school","More than 2","1_TEST CUSTOMER"
"Bad",41.319879,"Low","5 or more","High school","More than 2","1_TEST CUSTOMER"
"Bad",20.610463,"Medium","5 or more","High school","More than 2","2_CHECK CUSTOMER"
"Bad",22.486026,"Low","5 or more","High school","More than 2","2_CHECK CUSTOMER"
"Bad",33.079739,"Low","5 or more","High school","More than 2","1_TEST CUSTOMER"
"Bad",24.564654,"Medium","5 or more","High school","None or 1","1_TEST CUSTOMER"
"Bad",22.380960,"Medium","5 or more","College","More than 2","1_TEST CUSTOMER"
"Bad",27.784871,"High","5 or more","High school","More than 2","2_CHECK CUSTOMER"
"Bad",26.615384,"Medium","5 or more","High school","More than 2","1_TEST CUSTOMER"
"Bad",20.421479,"Low","Less than 5","High school","None or 1","1_TEST CUSTOMER"
"Bad",22.734329,"Medium","5 or more","College","More than 2","1_TEST CUSTOMER"
"Bad",21.730965,"Low","5 or more","College","None or 1","1_TEST CUSTOMER"
"Bad",25.632019,"Medium","5 or more","High school","More than 2","2_CHECK CUSTOMER"
"Bad",40.943434,"Medium","5 or more","High school","None or 1","1_TEST CUSTOMER"
"Bad",27.000441,"Low","5 or more","College","More than 2","1_TEST CUSTOMER"
"Bad",44.556822,"Medium","5 or more","College","More than 2","1_TEST CUSTOMER"
"Bad",30.949588,"Medium","5 or more","High school","More than 2","1_TEST CUSTOMER"
"Bad",30.904198,"Low","5 or more","College","More than 2","1_TEST CUSTOMER"
"Bad",32.445171,"Medium","5 or more","College","More than 2","1_TEST CUSTOMER"
"Bad",30.569267,"Low","5 or more","College","More than 2","1_TEST CUSTOMER"
"Bad",31.637457,"Medium","5 or more","High school","More than 2","1_TEST CUSTOMER"
"Bad",33.834936,"Low","5 or more","College","None or 1","1_TEST CUSTOMER"
"Bad",22.132812,"Medium","5 or more","College","More than 2","1_TEST CUSTOMER"
"Bad",27.899186,"Medium","Less than 5","High school","More than 2","1_TEST CUSTOMER"
"Bad",34.113939,"Medium","5 or more","High school","More than 2","1_TEST CUSTOMER"
"Bad",33.942580,"Low","5 or more","College","More than 2","1_TEST CUSTOMER"
"Bad",25.363771,"Medium","5 or more","High school","More than 2","1_TEST CUSTOMER"
"Bad",35.542010,"Medium","Less than 5","High school","More than 2","1_TEST CUSTOMER"
"Bad",27.364803,"Medium","Less than 5","College","None or 1","1_TEST CUSTOMER"
"Bad",26.526057,"Medium","5 or more","College","More than 2","2_CHECK CUSTOMER"
"Bad",22.438951,"High","5 or more","College","None or 1","1_TEST CUSTOMER"
"Bad",21.973708,"Medium","5 or more","College","More than 2","1_TEST CUSTOMER"
"Bad",39.008977,"Medium","5 or more","College","More than 2","1_TEST CUSTOMER"
"Bad",45.736200,"Low","Less than 5","College","None or 1","2_CHECK CUSTOMER"
"Bad",37.545869,"Low","5 or more","High school","More than 2","1_TEST CUSTOMER"
"Bad",31.046627,"Low","5 or more","High school","More than 2","2_CHECK CUSTOMER"
"Bad",40.496082,"Medium","5 or more","High school","More than 2","1_TEST CUSTOMER"
"Bad",32.929785,"Low","5 or more","College","More than 2","1_TEST CUSTOMER"
"Bad",22.901018,"Low","5 or more","High school","More than 2","1_TEST CUSTOMER"
"Bad",25.016899,"Medium","5 or more","College","More than 2","1_TEST CUSTOMER"
"Bad",31.348969,"Low","5 or more","High school","None or 1","1_TEST CUSTOMER"
"Bad",26.069563,"High","5 or more","High school","None or 1","1_TEST CUSTOMER"
"Bad",40.393057,"Medium","5 or more","College","More than 2","1_TEST CUSTOMER"
"Bad",23.072298,"Medium","5 or more","High school","More than 2","2_CHECK CUSTOMER"
"Bad",28.377385,"Medium","5 or more","College","More than 2","2_CHECK CUSTOMER"
"Bad",24.023029,"Medium","5 or more","College","More than 2","1_TEST CUSTOMER"
"Bad",29.872199,"Medium","Less than 5","High school","None or 1","1_TEST CUSTOMER"
"Bad",37.786389,"Low","5 or more","College","More than 2","1_TEST CUSTOMER"
"Bad",44.468472,"Medium","5 or more","High school","More than 2","1_TEST CUSTOMER"
"Bad",21.916639,"Medium","5 or more","High school","More than 2","1_TEST CUSTOMER"
"Bad",37.678140,"Medium","5 or more","College","More than 2","1_TEST CUSTOMER"
"Bad",27.430251,"Low","5 or more","High school","More than 2","1_TEST CUSTOMER"
"Bad",41.714453,"Low","5 or more","High school","More than 2","2_CHECK CUSTOMER"
"Bad",33.912536,"Low","5 or more","High school","More than 2","2_CHECK CUSTOMER"
"Bad",23.244507,"Low","5 or more","High school","More than 2","1_TEST CUSTOMER"
"Bad",32.911317,"Medium","5 or more","High school","More than 2","2_CHECK CUSTOMER"
"Bad",29.083027,"Medium","5 or more","College","More than 2","2_CHECK CUSTOMER"
"Bad",40.205166,"Medium","5 or more","High school","More than 2","1_TEST CUSTOMER"
"Bad",26.297969,"Low","5 or more","College","More than 2","1_TEST CUSTOMER"
"Bad",31.752494,"Medium","Less than 5","College","None or 1","1_TEST CUSTOMER"
"Bad",23.410439,"Low","5 or more","College","More than 2","1_TEST CUSTOMER"
"Bad",35.293283,"Low","Less than 5","College","None or 1","1_TEST CUSTOMER"
"Bad",22.464770,"High","5 or more","High school","None or 1","1_TEST CUSTOMER"
"Bad",20.395082,"Low","Less than 5","College","More than 2","1_TEST CUSTOMER"
"Bad",25.111714,"Medium","5 or more","College","More than 2","1_TEST CUSTOMER"
"Bad",25.473953,"Medium","5 or more","College","None or 1","1_TEST CUSTOMER"
"Bad",27.103922,"Medium","5 or more","High school","More than 2","1_TEST CUSTOMER"
"Bad",30.319101,"Low","5 or more","College","More than 2","1_TEST CUSTOMER"
"Bad",36.480523,"Low","5 or more","College","More than 2","1_TEST CUSTOMER"
"Bad",31.195771,"Medium","5 or more","High school","More than 2","1_TEST CUSTOMER"
"Bad",31.996999,"Low","5 or more","College","More than 2","1_TEST CUSTOMER"
"Bad",37.449667,"Medium","5 or more","High school","None or 1","1_TEST CUSTOMER"
"Bad",25.027435,"Medium","Less than 5","College","None or 1","1_TEST CUSTOMER"
"Bad",21.007110,"Low","Less than 5","High school","None or 1","1_TEST CUSTOMER"
"Bad",31.990885,"High","Less than 5","High school","More than 2","1_TEST CUSTOMER"
"Bad",43.981550,"Medium","5 or more","High school","More than 2","1_TEST CUSTOMER"
"Bad",21.827802,"Medium","5 or more","High school","More than 2","1_TEST CUSTOMER"
"Bad",31.051457,"Low","5 or more","College","None or 1","2_CHECK CUSTOMER"
"Bad",27.418081,"Low","5 or more","College","More than 2","1_TEST CUSTOMER"
"Bad",23.023745,"Medium","Less than 5","College","None or 1","1_TEST CUSTOMER"
"Bad",25.736815,"High","5 or more","High school","None or 1","1_TEST CUSTOMER"
"Bad",20.544047,"Low","5 or more","College","More than 2","1_TEST CUSTOMER"
"Bad",38.392336,"Medium","Less than 5","College","None or 1","2_CHECK CUSTOMER"
"Bad",30.956940,"Medium","5 or more","High school","More than 2","1_TEST CUSTOMER"
"Bad",35.006975,"Medium","5 or more","High school","More than 2","1_TEST CUSTOMER"
"Bad",39.289099,"Medium","5 or more","High school","More than 2","1_TEST CUSTOMER"
"Bad",28.395897,"Low","5 or more","High school","More than 2","1_TEST CUSTOMER"
"Bad",33.289394,"Medium","5 or more","High school","More than 2","1_TEST CUSTOMER"
"Bad",41.313042,"Medium","5 or more","High school","More than 2","1_TEST CUSTOMER"
"Bad",40.857956,"Low","5 or more","High school","More than 2","1_TEST CUSTOMER"
"Bad",32.946713,"Low","5 or more","High school","More than 2","1_TEST CUSTOMER"
"Bad",34.877659,"Medium","5 or more","College","More than 2","1_TEST CUSTOMER"
"Bad",43.291265,"High","5 or more","College","More than 2","1_TEST CUSTOMER"
"Bad",22.473470,"Low","Less than 5","High school","None or 1","1_TEST CUSTOMER"
"Bad",27.458211,"Medium","5 or more","High school","More than 2","1_TEST CUSTOMER"
"Bad",36.700200,"Low","5 or more","College","More than 2","1_TEST CUSTOMER"
"Bad",23.626356,"Low","5 or more","College","More than 2","2_CHECK CUSTOMER"
"Bad",23.335955,"Medium","5 or more","College","More than 2","1_TEST CUSTOMER"
"Bad",38.068518,"Low","5 or more","High school","More than 2","1_TEST CUSTOMER"
"Bad",27.235047,"Medium","5 or more","High school","More than 2","1_TEST CUSTOMER"
"Bad",36.795480,"Low","5 or more","High school","More than 2","1_TEST CUSTOMER"
"Bad",28.461984,"High","Less than 5","High school","None or 1","1_TEST CUSTOMER"
"Bad",25.622793,"High","5 or more","College","More than 2","1_TEST CUSTOMER"
"Bad",26.109754,"Medium","5 or more","High school","None or 1","1_TEST CUSTOMER"
"Bad",27.808020,"Medium","Less than 5","College","None or 1","1_TEST CUSTOMER"
"Bad",30.073310,"High","5 or more","High school","More than 2","1_TEST CUSTOMER"
"Bad",26.923931,"Medium","5 or more","High school","More than 2","1_TEST CUSTOMER"
"Bad",29.856128,"Medium","5 or more","High school","More than 2","2_CHECK CUSTOMER"
"Bad",24.525150,"Medium","Less than 5","College","None or 1","1_TEST CUSTOMER"
"Bad",20.586108,"Medium","5 or more","High school","More than 2","1_TEST CUSTOMER"
"Bad",22.919006,"Medium","5 or more","College","None or 1","1_TEST CUSTOMER"
"Bad",23.650313,"Low","5 or more","High school","More than 2","1_TEST CUSTOMER"
"Bad",34.826185,"Low","5 or more","College","More than 2","1_TEST CUSTOMER"
"Bad",33.718671,"Low","5 or more","High school","More than 2","2_CHECK CUSTOMER"
"Bad",31.108947,"Low","5 or more","High school","More than 2","2_CHECK CUSTOMER"
"Bad",23.119967,"Medium","5 or more","High school","More than 2","2_CHECK CUSTOMER"
"Bad",22.192544,"Low","5 or more","High school","More than 2","1_TEST CUSTOMER"
"Bad",22.717580,"Medium","5 or more","High school","More than 2","1_TEST CUSTOMER"
"Bad",34.112676,"Medium","5 or more","High school","More than 2","1_TEST CUSTOMER"
"Bad",24.052514,"Medium","5 or more","College","More than 2","1_TEST CUSTOMER"
"Bad",20.856775,"Medium","5 or more","College","More than 2","2_CHECK CUSTOMER"
"Bad",28.007169,"Low","5 or more","College","More than 2","1_TEST CUSTOMER"
"Bad",23.842216,"Medium","5 or more","High school","None or 1","1_TEST CUSTOMER"
"Bad",24.720623,"Medium","5 or more","High school","More than 2","1_TEST CUSTOMER"
"Bad",33.326590,"High","5 or more","College","More than 2","1_TEST CUSTOMER"
"Bad",32.401977,"Medium","5 or more","College","More than 2","1_TEST CUSTOMER"
"Bad",37.019562,"High","5 or more","High school","More than 2","1_TEST CUSTOMER"
"Bad",25.310028,"Low","5 or more","High school","More than 2","1_TEST CUSTOMER"
"Bad",43.275026,"Low","5 or more","College","More than 2","1_TEST CUSTOMER"
"Bad",26.908618,"Low","5 or more","High school","More than 2","1_TEST CUSTOMER"
"Bad",48.185298,"High","5 or more","High school","None or 1","1_TEST CUSTOMER"
"Bad",32.423864,"Low","5 or more","College","More than 2","1_TEST CUSTOMER"
"Bad",34.226954,"Low","5 or more","College","More than 2","2_CHECK CUSTOMER"
"Bad",28.228999,"Medium","5 or more","College","More than 2","2_CHECK CUSTOMER"
"Bad",28.134020,"Medium","5 or more","High school","More than 2","1_TEST CUSTOMER"
"Bad",32.684687,"Low","5 or more","College","More than 2","1_TEST CUSTOMER"
"Bad",37.561873,"Medium","5 or more","College","None or 1","1_TEST CUSTOMER"
"Bad",41.698451,"Medium","Less than 5","College","None or 1","1_TEST CUSTOMER"
"Bad",29.963122,"Low","5 or more","College","More than 2","1_TEST CUSTOMER"
"Bad",47.549957,"High","5 or more","College","More than 2","1_TEST CUSTOMER"
"Bad",21.098730,"Low","5 or more","College","More than 2","1_TEST CUSTOMER"
"Bad",20.868880,"Medium","5 or more","High school","More than 2","1_TEST CUSTOMER"
"Bad",22.562131,"Low","5 or more","College","More than 2","1_TEST CUSTOMER"
"Bad",22.929242,"Low","5 or more","College","More than 2","2_CHECK CUSTOMER"
"Bad",40.121802,"Low","5 or more","High school","More than 2","1_TEST CUSTOMER"
"Bad",20.358771,"Medium","5 or more","College","More than 2","1_TEST CUSTOMER"
"Bad",24.874452,"Low","5 or more","High school","More than 2","2_CHECK CUSTOMER"
"Bad",35.599141,"Low","5 or more","High school","More than 2","1_TEST CUSTOMER"
"Bad",29.770540,"Medium","5 or more","College","More than 2","1_TEST CUSTOMER"
"Bad",29.941843,"Medium","5 or more","High school","More than 2","2_CHECK CUSTOMER"
"Bad",27.934610,"Medium","5 or more","College","More than 2","1_TEST CUSTOMER"
"Bad",38.402534,"Low","5 or more","College","More than 2","1_TEST CUSTOMER"
"Bad",30.615912,"Low","5 or more","High school","More than 2","1_TEST CUSTOMER"
"Bad",28.463245,"Medium","5 or more","College","None or 1","2_CHECK CUSTOMER"
"Bad",29.113126,"Medium","5 or more","High school","More than 2","1_TEST CUSTOMER"
"Bad",32.426917,"Medium","5 or more","College","None or 1","1_TEST CUSTOMER"
"Bad",31.752462,"Low","5 or more","College","More than 2","1_TEST CUSTOMER"
"Bad",31.982389,"Medium","5 or more","College","None or 1","1_TEST CUSTOMER"
"Bad",36.398078,"Medium","5 or more","College","More than 2","1_TEST CUSTOMER"
"Bad",31.042336,"Low","5 or more","College","More than 2","1_TEST CUSTOMER"
"Bad",34.391922,"Medium","5 or more","College","More than 2","1_TEST CUSTOMER"
"Bad",38.269098,"High","5 or more","High school","More than 2","1_TEST CUSTOMER"
"Bad",20.305088,"Medium","5 or more","High school","More than 2","1_TEST CUSTOMER"
"Bad",35.178253,"Medium","5 or more","High school","More than 2","1_TEST CUSTOMER"
"Bad",27.765395,"Medium","5 or more","College","More than 2","1_TEST CUSTOMER"
"Bad",23.042865,"Medium","5 or more","College","More than 2","1_TEST CUSTOMER"
"Bad",21.971204,"High","Less than 5","High school","None or 1","1_TEST CUSTOMER"
"Bad",20.202864,"Low","5 or more","High school","None or 1","2_CHECK CUSTOMER"
"Bad",29.111218,"High","5 or more","College","None or 1","1_TEST CUSTOMER"
"Bad",50.122333,"Low","5 or more","College","More than 2","1_TEST CUSTOMER"
"Bad",30.760597,"Low","5 or more","High school","None or 1","1_TEST CUSTOMER"
"Bad",20.489714,"Medium","5 or more","High school","More than 2","2_CHECK CUSTOMER"
"Bad",30.792424,"Low","5 or more","College","More than 2","1_TEST CUSTOMER"
"Bad",25.495244,"Medium","5 or more","High school","More than 2","1_TEST CUSTOMER"
"Bad",20.865170,"Low","5 or more","High school","More than 2","1_TEST CUSTOMER"
"Bad",34.035314,"Low","5 or more","College","More than 2","1_TEST CUSTOMER"
"Bad",27.135851,"Low","5 or more","High school","More than 2","1_TEST CUSTOMER"
"Bad",29.492613,"Low","5 or more","College","More than 2","1_TEST CUSTOMER"
"Bad",27.840434,"Medium","5 or more","College","More than 2","1_TEST CUSTOMER"
"Bad",33.107029,"Low","5 or more","High school","More than 2","1_TEST CUSTOMER"
"Bad",24.604555,"High","5 or more","High school","More than 2","1_TEST CUSTOMER"
"Bad",22.594928,"Medium","5 or more","High school","More than 2","1_TEST CUSTOMER"
"Bad",30.892447,"Low","5 or more","College","More than 2","1_TEST CUSTOMER"
"Bad",44.198351,"Low","5 or more","College","More than 2","1_TEST CUSTOMER"
"Bad",24.117093,"Medium","5 or more","High school","More than 2","1_TEST CUSTOMER"
"Bad",36.885593,"Medium","5 or more","High school","More than 2","1_TEST CUSTOMER"
"Bad",32.170569,"Low","5 or more","College","More than 2","1_TEST CUSTOMER"
"Bad",24.552380,"Medium","5 or more","College","More than 2","1_TEST CUSTOMER"
"Bad",33.582405,"Medium","5 or more","College","More than 2","1_TEST CUSTOMER"
"Bad",27.328115,"Low","5 or more","High school","More than 2","1_TEST CUSTOMER"
"Bad",21.051434,"Low","Less than 5","High school","None or 1","1_TEST CUSTOMER"
"Bad",29.303440,"Low","5 or more","College","More than 2","1_TEST CUSTOMER"
"Bad",26.092356,"Medium","5 or more","High school","More than 2","1_TEST CUSTOMER"
"Bad",23.287057,"Low","5 or more","College","More than 2","1_TEST CUSTOMER"
"Bad",27.306309,"Low","Less than 5","College","None or 1","1_TEST CUSTOMER"
"Bad",24.052934,"Low","5 or more","High school","More than 2","1_TEST CUSTOMER"
"Bad",35.267022,"Low","5 or more","High school","More than 2","1_TEST CUSTOMER"
"Bad",25.666501,"High","5 or more","College","More than 2","1_TEST CUSTOMER"
"Bad",40.797812,"Medium","5 or more","High school","More than 2","1_TEST CUSTOMER"
"Bad",21.769382,"Medium","5 or more","High school","More than 2","1_TEST CUSTOMER"
"Bad",33.214391,"Medium","5 or more","High school","More than 2","1_TEST CUSTOMER"
"Bad",26.090125,"Medium","5 or more","College","More than 2","1_TEST CUSTOMER"
"Bad",25.993403,"Low","5 or more","High school","More than 2","1_TEST CUSTOMER"
"Bad",28.818355,"Medium","5 or more","High school","More than 2","1_TEST CUSTOMER"
"Bad",27.695493,"High","5 or more","High school","More than 2","1_TEST CUSTOMER"
"Bad",29.954337,"Low","5 or more","High school","More than 2","2_CHECK CUSTOMER"
"Bad",51.284677,"Low","5 or more","High school","More than 2","1_TEST CUSTOMER"
"Bad",30.414451,"Low","5 or more","College","More than 2","1_TEST CUSTOMER"
"Bad",21.262726,"Medium","5 or more","High school","More than 2","1_TEST CUSTOMER"
"Bad",25.983622,"Medium","Less than 5","High school","None or 1","1_TEST CUSTOMER"
"Bad",23.957714,"Low","5 or more","College","More than 2","1_TEST CUSTOMER"
"Bad",26.855842,"Medium","5 or more","High school","More than 2","1_TEST CUSTOMER"
"Bad",24.381605,"Medium","5 or more","High school","More than 2","1_TEST CUSTOMER"
"Bad",29.024770,"Low","5 or more","High school","More than 2","1_TEST CUSTOMER"
"Bad",25.837349,"Medium","5 or more","High school","More than 2","2_CHECK CUSTOMER"
"Bad",47.439593,"Medium","5 or more","High school","More than 2","2_CHECK CUSTOMER"
"Bad",22.169639,"Low","5 or more","College","More than 2","1_TEST CUSTOMER"
"Bad",20.557080,"Low","5 or more","High school","More than 2","2_CHECK CUSTOMER"
"Bad",33.650468,"Medium","Less than 5","High school","None or 1","1_TEST CUSTOMER"
"Bad",22.528008,"Medium","5 or more","High school","More than 2","1_TEST CUSTOMER"
"Bad",20.490687,"Low","5 or more","High school","More than 2","1_TEST CUSTOMER"
"Bad",33.129663,"Medium","5 or more","High school","More than 2","2_CHECK CUSTOMER"
"Bad",27.986947,"Medium","5 or more","High school","More than 2","1_TEST CUSTOMER"
"Bad",36.360811,"Low","5 or more","High school","More than 2","1_TEST CUSTOMER"
"Bad",23.317929,"Medium","5 or more","College","More than 2","1_TEST CUSTOMER"
"Bad",27.376280,"Medium","5 or more","College","More than 2","1_TEST CUSTOMER"
"Bad",30.592189,"Low","5 or more","High school","More than 2","2_CHECK CUSTOMER"
"Bad",35.462131,"Medium","5 or more","College","More than 2","1_TEST CUSTOMER"
"Bad",23.885376,"Medium","5 or more","College","More than 2","1_TEST CUSTOMER"
"Bad",33.553725,"Low","5 or more","College","More than 2","1_TEST CUSTOMER"
"Bad",24.445837,"Low","5 or more","College","More than 2","1_TEST CUSTOMER"
"Bad",31.155176,"Medium","5 or more","High school","More than 2","2_CHECK CUSTOMER"
"Bad",42.760948,"Low","5 or more","High school","More than 2","1_TEST CUSTOMER"
"Bad",21.007780,"Low","5 or more","College","More than 2","1_TEST CUSTOMER"
"Bad",32.159613,"Low","5 or more","High school","More than 2","1_TEST CUSTOMER"
"Bad",29.533624,"High","5 or more","High school","More than 2","2_CHECK CUSTOMER"
"Bad",41.633523,"Low","5 or more","High school","More than 2","1_TEST CUSTOMER"
"Bad",39.268561,"Medium","5 or more","College","More than 2","1_TEST CUSTOMER"
"Bad",37.608093,"Low","5 or more","High school","More than 2","1_TEST CUSTOMER"
"Bad",25.860174,"Low","5 or more","College","More than 2","1_TEST CUSTOMER"
"Bad",24.912055,"Medium","Less than 5","College","None or 1","1_TEST CUSTOMER"
"Bad",34.172847,"Low","5 or more","High school","More than 2","1_TEST CUSTOMER"
"Bad",25.810546,"Medium","5 or more","High school","More than 2","2_CHECK CUSTOMER"
"Bad",40.099799,"Low","5 or more","College","More than 2","1_TEST CUSTOMER"
"Bad",39.808886,"Low","5 or more","High school","More than 2","1_TEST CUSTOMER"
"Bad",22.956597,"Low","5 or more","High school","More than 2","1_TEST CUSTOMER"
"Bad",24.828089,"Medium","5 or more","College","More than 2","1_TEST CUSTOMER"
"Bad",20.267381,"Medium","5 or more","College","More than 2","1_TEST CUSTOMER"
"Bad",33.881624,"Low","Less than 5","High school","None or 1","1_TEST CUSTOMER"
"Bad",20.876938,"Low","5 or more","High school","More than 2","1_TEST CUSTOMER"
"Bad",34.089427,"Medium","5 or more","High school","None or 1","1_TEST CUSTOMER"
"Bad",25.682052,"Low","5 or more","High school","More than 2","1_TEST CUSTOMER"
"Bad",37.544565,"Medium","5 or more","High school","More than 2","1_TEST CUSTOMER"
"Bad",22.086507,"Medium","5 or more","College","More than 2","1_TEST CUSTOMER"
"Bad",22.005108,"Low","5 or more","High school","More than 2","1_TEST CUSTOMER"
"Bad",22.140482,"Low","5 or more","High school","More than 2","1_TEST CUSTOMER"
"Bad",30.273212,"Low","5 or more","High school","More than 2","2_CHECK CUSTOMER"
"Bad",31.060340,"Low","5 or more","College","More than 2","1_TEST CUSTOMER"
"Bad",22.177080,"High","5 or more","High school","None or 1","1_TEST CUSTOMER"
"Bad",44.107649,"Low","5 or more","College","More than 2","1_TEST CUSTOMER"
"Bad",41.431106,"Low","5 or more","College","More than 2","1_TEST CUSTOMER"
"Bad",24.855613,"Low","5 or more","High school","More than 2","1_TEST CUSTOMER"
"Bad",22.713349,"Medium","5 or more","High school","More than 2","1_TEST CUSTOMER"
"Bad",47.967376,"Low","5 or more","College","More than 2","1_TEST CUSTOMER"
"Bad",46.555183,"Low","5 or more","College","More than 2","1_TEST CUSTOMER"
"Bad",25.951179,"Low","5 or more","College","More than 2","1_TEST CUSTOMER"
"Bad",32.265408,"Low","5 or more","High school","More than 2","1_TEST CUSTOMER"
"Bad",33.828674,"Medium","5 or more","College","More than 2","1_TEST CUSTOMER"
"Bad",24.921500,"Medium","5 or more","High school","More than 2","1_TEST CUSTOMER"
"Bad",27.180871,"Medium","Less than 5","College","None or 1","1_TEST CUSTOMER"
"Bad",27.787583,"High","5 or more","High school","More than 2","1_TEST CUSTOMER"
"Bad",26.968087,"High","5 or more","High school","More than 2","1_TEST CUSTOMER"
"Bad",28.983385,"Low","5 or more","College","More than 2","1_TEST CUSTOMER"
"Bad",22.727681,"Medium","5 or more","High school","More than 2","1_TEST CUSTOMER"
"Bad",23.977300,"Low","5 or more","College","More than 2","1_TEST CUSTOMER"
"Bad",22.730401,"Medium","Less than 5","College","None or 1","1_TEST CUSTOMER"
"Bad",26.963977,"High","5 or more","High school","More than 2","1_TEST CUSTOMER"
"Bad",29.415165,"Low","5 or more","College","More than 2","1_TEST CUSTOMER"
"Bad",38.147358,"Medium","5 or more","College","More than 2","1_TEST CUSTOMER"
"Bad",24.587268,"Medium","5 or more","High school","More than 2","1_TEST CUSTOMER"
"Bad",23.251096,"Medium","5 or more","High school","More than 2","1_TEST CUSTOMER"
"Bad",26.724599,"Low","5 or more","College","None or 1","1_TEST CUSTOMER"
"Bad",24.538764,"Low","5 or more","High school","More than 2","2_CHECK CUSTOMER"
"Bad",27.889974,"Low","5 or more","High school","More than 2","1_TEST CUSTOMER"
"Bad",31.890245,"Low","5 or more","High school","More than 2","1_TEST CUSTOMER"
"Bad",40.637297,"High","5 or more","College","More than 2","1_TEST CUSTOMER"
"Bad",29.251651,"Medium","5 or more","College","More than 2","1_TEST CUSTOMER"
"Bad",27.628213,"High","5 or more","College","More than 2","1_TEST CUSTOMER"
"Bad",37.194084,"Medium","5 or more","College","More than 2","1_TEST CUSTOMER"
"Bad",24.875706,"Low","5 or more","College","More than 2","1_TEST CUSTOMER"
"Bad",32.307773,"Low","5 or more","High school","More than 2","1_TEST CUSTOMER"
"Bad",26.680167,"Low","5 or more","College","More than 2","1_TEST CUSTOMER"
"Bad",27.506470,"Medium","5 or more","College","More than 2","2_CHECK CUSTOMER"
"Bad",43.873236,"Medium","5 or more","High school","More than 2","1_TEST CUSTOMER"
"Bad",22.610111,"Medium","5 or more","High school","More than 2","1_TEST CUSTOMER"
"Bad",36.356100,"Medium","5 or more","College","More than 2","1_TEST CUSTOMER"
"Bad",25.692944,"Low","5 or more","College","More than 2","1_TEST CUSTOMER"
"Bad",36.361216,"Low","Less than 5","High school","None or 1","1_TEST CUSTOMER"
"Bad",36.769802,"Medium","5 or more","High school","More than 2","1_TEST CUSTOMER"
"Bad",46.756925,"Medium","5 or more","High school","More than 2","1_TEST CUSTOMER"
"Bad",23.261312,"Low","5 or more","High school","More than 2","1_TEST CUSTOMER"
"Bad",25.565661,"Medium","5 or more","High school","More than 2","1_TEST CUSTOMER"
"Bad",30.757941,"Medium","5 or more","High school","More than 2","1_TEST CUSTOMER"
"Bad",22.626621,"Low","5 or more","College","More than 2","1_TEST CUSTOMER"
"Bad",23.502655,"Low","Less than 5","College","None or 1","2_CHECK CUSTOMER"
"Bad",23.969155,"High","5 or more","High school","More than 2","2_CHECK CUSTOMER"
"Bad",27.210053,"Medium","5 or more","High school","None or 1","1_TEST CUSTOMER"
"Bad",24.611415,"Medium","5 or more","College","More than 2","1_TEST CUSTOMER"
"Bad",28.849615,"High","5 or more","College","More than 2","1_TEST CUSTOMER"
"Bad",30.917777,"Medium","5 or more","College","More than 2","1_TEST CUSTOMER"
"Bad",41.794011,"Low","5 or more","College","More than 2","1_TEST CUSTOMER"
"Bad",33.733299,"Medium","5 or more","High school","More than 2","1_TEST CUSTOMER"
"Bad",22.844211,"Low","5 or more","College","More than 2","1_TEST CUSTOMER"
"Bad",29.787607,"Low","5 or more","College","More than 2","1_TEST CUSTOMER"
"Bad",51.581937,"Low","5 or more","High school","More than 2","1_TEST CUSTOMER"
"Bad",22.325430,"Medium","5 or more","High school","More than 2","1_TEST CUSTOMER"
"Bad",37.854537,"Medium","5 or more","High school","More than 2","1_TEST CUSTOMER"
"Bad",35.938745,"Medium","5 or more","High school","More than 2","1_TEST CUSTOMER"
"Bad",33.396247,"High","5 or more","High school","More than 2","1_TEST CUSTOMER"
"Bad",30.690522,"Low","5 or more","High school","More than 2","1_TEST CUSTOMER"
"Bad",29.560726,"Medium","5 or more","College","More than 2","1_TEST CUSTOMER"
"Bad",37.310895,"Low","Less than 5","College","None or 1","1_TEST CUSTOMER"
"Bad",28.266570,"Low","5 or more","High school","More than 2","1_TEST CUSTOMER"
"Bad",30.659807,"Medium","5 or more","High school","More than 2","1_TEST CUSTOMER"
"Bad",24.889942,"Low","5 or more","High school","More than 2","1_TEST CUSTOMER"
"Bad",30.934327,"High","5 or more","College","More than 2","1_TEST CUSTOMER"
"Bad",42.853439,"Low","5 or more","College","More than 2","1_TEST CUSTOMER"
"Bad",22.733311,"Low","5 or more","High school","More than 2","1_TEST CUSTOMER"
"Bad",27.401470,"Low","5 or more","High school","More than 2","1_TEST CUSTOMER"
"Bad",25.579473,"Medium","5 or more","College","More than 2","1_TEST CUSTOMER"
"Bad",25.653918,"Medium","5 or more","College","More than 2","1_TEST CUSTOMER"
"Bad",29.749965,"Low","Less than 5","College","None or 1","1_TEST CUSTOMER"
"Bad",20.367700,"Low","5 or more","High school","More than 2","1_TEST CUSTOMER"
"Bad",25.628455,"Medium","5 or more","High school","None or 1","1_TEST CUSTOMER"
"Bad",26.711739,"Low","5 or more","High school","More than 2","1_TEST CUSTOMER"
"Bad",29.280237,"Medium","5 or more","College","More than 2","1_TEST CUSTOMER"
"Bad",23.648781,"High","Less than 5","College","More than 2","2_CHECK CUSTOMER"
"Bad",40.615912,"Low","Less than 5","High school","None or 1","1_TEST CUSTOMER"
"Bad",20.912376,"Medium","5 or more","High school","More than 2","1_TEST CUSTOMER"
"Bad",30.034128,"High","5 or more","High school","More than 2","2_CHECK CUSTOMER"
"Bad",21.950669,"Medium","5 or more","High school","More than 2","1_TEST CUSTOMER"
"Bad",22.567091,"High","5 or more","College","More than 2","1_TEST CUSTOMER"
"Bad",31.406838,"Low","5 or more","College","More than 2","1_TEST CUSTOMER"
"Bad",41.305338,"Medium","5 or more","College","More than 2","1_TEST CUSTOMER"
"Bad",27.626790,"Low","5 or more","High school","More than 2","1_TEST CUSTOMER"
"Bad",48.860520,"Low","5 or more","College","More than 2","1_TEST CUSTOMER"
"Bad",34.234460,"Low","5 or more","College","More than 2","1_TEST CUSTOMER"
"Bad",42.081526,"Medium","5 or more","College","More than 2","1_TEST CUSTOMER"
"Bad",27.629962,"Medium","5 or more","College","More than 2","1_TEST CUSTOMER"
"Bad",35.412150,"Medium","5 or more","College","More than 2","1_TEST CUSTOMER"
"Bad",42.806440,"Medium","5 or more","College","More than 2","1_TEST CUSTOMER"
"Bad",41.064259,"Low","5 or more","High school","More than 2","1_TEST CUSTOMER"
"Bad",22.848249,"Medium","5 or more","High school","More than 2","1_TEST CUSTOMER"
"Bad",33.483507,"High","5 or more","College","More than 2","1_TEST CUSTOMER"
"Bad",24.067437,"High","5 or more","College","More than 2","1_TEST CUSTOMER"
"Bad",32.081412,"Low","5 or more","High school","More than 2","1_TEST CUSTOMER"
"Bad",28.416333,"Low","Less than 5","College","None or 1","1_TEST CUSTOMER"
"Bad",28.428648,"Medium","5 or more","College","More than 2","1_TEST CUSTOMER"
"Bad",29.174838,"Medium","5 or more","College","None or 1","1_TEST CUSTOMER"
"Bad",29.987967,"High","5 or more","High school","More than 2","1_TEST CUSTOMER"
"Bad",30.232185,"Medium","Less than 5","High school","None or 1","1_TEST CUSTOMER"
"Bad",21.656942,"Low","5 or more","College","More than 2","1_TEST CUSTOMER"
"Bad",24.337076,"Low","5 or more","High school","More than 2","1_TEST CUSTOMER"
"Bad",23.732792,"Low","5 or more","College","More than 2","1_TEST CUSTOMER"
"Bad",29.274006,"Low","5 or more","College","More than 2","1_TEST CUSTOMER"
"Bad",20.751320,"Medium","5 or more","College","More than 2","1_TEST CUSTOMER"
"Bad",20.817641,"Low","Less than 5","College","More than 2","1_TEST CUSTOMER"
"Bad",21.860827,"Low","5 or more","High school","More than 2","1_TEST CUSTOMER"
"Bad",22.262287,"Medium","5 or more","High school","More than 2","1_TEST CUSTOMER"
"Bad",20.760969,"Medium","Less than 5","College","None or 1","1_TEST CUSTOMER"
"Bad",33.419512,"Low","5 or more","College","More than 2","1_TEST CUSTOMER"
"Bad",23.022358,"Medium","5 or more","College","More than 2","1_TEST CUSTOMER"
"Good",56.909606,"High","Less than 5","High school","None or 1","1_TEST CUSTOMER"
"Good",50.532402,"Medium","5 or more","High school","More than 2","1_TEST CUSTOMER"
"Good",27.019400,"High","Less than 5","High school","None or 1","1_TEST CUSTOMER"
"Good",28.104988,"Low","Less than 5","High school","None or 1","1_TEST CUSTOMER"
"Good",29.526962,"High","Less than 5","High school","More than 2","1_TEST CUSTOMER"
"Good",42.444282,"High","5 or more","High school","None or 1","1_TEST CUSTOMER"
"Good",23.944275,"Medium","Less than 5","High school","None or 1","1_TEST CUSTOMER"
"Good",35.735242,"High","Less than 5","High school","None or 1","1_TEST CUSTOMER"
"Good",29.933394,"Medium","Less than 5","College","None or 1","1_TEST CUSTOMER"
"Good",41.230438,"Medium","Less than 5","College","None or 1","1_TEST CUSTOMER"
"Good",41.930486,"Medium","5 or more","College","More than 2","1_TEST CUSTOMER"
"Good",43.538063,"Medium","5 or more","College","More than 2","1_TEST CUSTOMER"
"Good",42.294522,"High","5 or more","College","More than 2","1_TEST CUSTOMER"
"Good",39.107224,"High","5 or more","College","None or 1","1_TEST CUSTOMER"
"Good",40.175595,"Low","5 or more","High school","More than 2","1_TEST CUSTOMER"
"Good",32.711645,"Medium","Less than 5","High school","None or 1","1_TEST CUSTOMER"
"Good",30.892475,"Medium","5 or more","High school","More than 2","1_TEST CUSTOMER"
"Good",38.331181,"High","5 or more","College","None or 1","1_TEST CUSTOMER"
"Good",38.604832,"Medium","5 or more","High school","More than 2","1_TEST CUSTOMER"
"Good",34.176567,"Medium","Less than 5","High school","None or 1","1_TEST CUSTOMER"
"Good",35.897490,"Medium","Less than 5","College","None or 1","1_TEST CUSTOMER"
"Good",29.451432,"Medium","5 or more","College","More than 2","1_TEST CUSTOMER"
"Good",38.443063,"Medium","Less than 5","College","None or 1","1_TEST CUSTOMER"
"Good",22.053506,"High","Less than 5","High school","None or 1","1_TEST CUSTOMER"
"Good",43.091798,"Medium","Less than 5","College","None or 1","1_TEST CUSTOMER"
"Good",21.308245,"Medium","5 or more","College","None or 1","1_TEST CUSTOMER"
"Good",37.815186,"Medium","5 or more","College","More than 2","1_TEST CUSTOMER"
"Good",43.157310,"High","Less than 5","College","None or 1","1_TEST CUSTOMER"
"Good",35.615901,"Medium","5 or more","High school","More than 2","1_TEST CUSTOMER"
"Good",39.855643,"High","5 or more","High school","More than 2","1_TEST CUSTOMER"
"Good",38.358525,"Medium","5 or more","High school","More than 2","1_TEST CUSTOMER"
"Good",30.253804,"High","Less than 5","College","More than 2","1_TEST CUSTOMER"
"Good",47.191242,"Medium","Less than 5","High school","None or 1","1_TEST CUSTOMER"
"Good",51.956457,"Medium","Less than 5","College","More than 2","1_TEST CUSTOMER"
"Good",43.412981,"High","Less than 5","College","None or 1","1_TEST CUSTOMER"
"Good",30.435161,"Medium","Less than 5","College","None or 1","1_TEST CUSTOMER"
"Good",37.860753,"Medium","5 or more","High school","More than 2","1_TEST CUSTOMER"
"Good",47.181329,"Medium","Less than 5","High school","None or 1","1_TEST CUSTOMER"
"Good",58.415246,"Medium","5 or more","High school","None or 1","1_TEST CUSTOMER"
"Good",24.819567,"High","5 or more","College","More than 2","1_TEST CUSTOMER"
"Good",37.301512,"Medium","5 or more","High school","More than 2","1_TEST CUSTOMER"
"Good",21.395020,"High","5 or more","High school","More than 2","1_TEST CUSTOMER"
"Good",33.295838,"Medium","5 or more","High school","More than 2","1_TEST CUSTOMER"
"Good",27.873474,"Medium","Less than 5","College","None or 1","1_TEST CUSTOMER"
"Good",49.514679,"Medium","5 or more","College","More than 2","1_TEST CUSTOMER"
"Good",35.867745,"High","Less than 5","College","None or 1","1_TEST CUSTOMER"
"Good",34.748029,"Medium","Less than 5","College","None or 1","1_TEST CUSTOMER"
"Good",33.724904,"High","Less than 5","College","None or 1","1_TEST CUSTOMER"
"Good",39.692098,"High","Less than 5","High school","None or 1","1_TEST CUSTOMER"
"Good",42.346329,"High","5 or more","College","More than 2","2_CHECK CUSTOMER"
"Good",32.700310,"High","5 or more","High school","More than 2","2_CHECK CUSTOMER"
"Good",25.134603,"High","5 or more","High school","More than 2","1_TEST CUSTOMER"
"Good",29.537726,"Medium","5 or more","High school","More than 2","1_TEST CUSTOMER"
"Good",44.198265,"Medium","Less than 5","College","None or 1","1_TEST CUSTOMER"
"Good",41.150982,"High","5 or more","High school","More than 2","1_TEST CUSTOMER"
"Good",37.524609,"High","Less than 5","High school","None or 1","1_TEST CUSTOMER"
"Good",31.456998,"Low","5 or more","High school","More than 2","2_CHECK CUSTOMER"
"Good",36.146619,"Low","Less than 5","College","More than 2","1_TEST CUSTOMER"
"Good",55.332816,"Medium","Less than 5","High school","None or 1","1_TEST CUSTOMER"
"Good",37.360206,"High","Less than 5","High school","None or 1","1_TEST CUSTOMER"
"Good",35.225629,"High","5 or more","College","More than 2","1_TEST CUSTOMER"
"Good",48.430923,"Medium","Less than 5","College","More than 2","1_TEST CUSTOMER"
"Good",32.297829,"Medium","5 or more","College","More than 2","1_TEST CUSTOMER"
"Good",32.887118,"Medium","5 or more","College","More than 2","1_TEST CUSTOMER"
"Good",21.615024,"High","Less than 5","College","None or 1","2_CHECK CUSTOMER"
"Good",35.635965,"Medium","Less than 5","College","More than 2","1_TEST CUSTOMER"
"Good",43.124053,"Medium","5 or more","College","More than 2","1_TEST CUSTOMER"
"Good",35.930299,"High","Less than 5","College","None or 1","1_TEST CUSTOMER"
"Good",31.489991,"Medium","5 or more","College","None or 1","1_TEST CUSTOMER"
"Good",32.351165,"Low","Less than 5","High school","None or 1","1_TEST CUSTOMER"
"Good",48.360661,"High","5 or more","College","None or 1","1_TEST CUSTOMER"
"Good",34.322258,"Medium","Less than 5","High school","More than 2","1_TEST CUSTOMER"
"Good",33.664708,"Medium","Less than 5","College","None or 1","1_TEST CUSTOMER"
"Good",21.088289,"High","Less than 5","College","None or 1","1_TEST CUSTOMER"
"Good",31.482299,"High","Less than 5","High school","None or 1","1_TEST CUSTOMER"
"Good",41.486811,"High","Less than 5","College","None or 1","1_TEST CUSTOMER"
"Good",34.758787,"High","5 or more","High school","More than 2","1_TEST CUSTOMER"
"Good",42.958457,"High","5 or more","High school","More than 2","1_TEST CUSTOMER"
"Good",31.631042,"Medium","Less than 5","High school","None or 1","2_CHECK CUSTOMER"
"Good",39.021483,"Medium","Less than 5","High school","None or 1","1_TEST CUSTOMER"
"Good",35.591330,"Medium","Less than 5","High school","None or 1","1_TEST CUSTOMER"
"Good",41.781663,"High","Less than 5","College","None or 1","1_TEST CUSTOMER"
"Good",31.923123,"Medium","Less than 5","High school","None or 1","1_TEST CUSTOMER"
"Good",45.062434,"High","5 or more","College","More than 2","1_TEST CUSTOMER"
"Good",57.056927,"Medium","Less than 5","High school","None or 1","1_TEST CUSTOMER"
"Good",48.831573,"Medium","Less than 5","High school","None or 1","1_TEST CUSTOMER"
"Good",37.766021,"High","5 or more","College","More than 2","1_TEST CUSTOMER"
"Good",33.348097,"High","Less than 5","College","None or 1","1_TEST CUSTOMER"
"Good",36.682450,"Medium","Less than 5","College","None or 1","1_TEST CUSTOMER"
"Good",28.297473,"High","Less than 5","College","None or 1","1_TEST CUSTOMER"
"Good",29.074213,"High","5 or more","College","More than 2","1_TEST CUSTOMER"
"Good",27.169533,"Low","Less than 5","High school","None or 1","1_TEST CUSTOMER"
"Good",49.706144,"High","5 or more","High school","More than 2","1_TEST CUSTOMER"
"Good",31.669368,"High","Less than 5","High school","None or 1","1_TEST CUSTOMER"
"Good",37.919792,"High","5 or more","College","More than 2","1_TEST CUSTOMER"
"Good",40.534889,"Medium","5 or more","College","More than 2","1_TEST CUSTOMER"
"Good",26.485060,"High","Less than 5","High school","More than 2","1_TEST CUSTOMER"
"Good",36.301311,"Medium","5 or more","College","More than 2","1_TEST CUSTOMER"
"Good",50.917727,"High","5 or more","College","More than 2","1_TEST CUSTOMER"
"Good",24.700419,"Medium","Less than 5","High school","None or 1","1_TEST CUSTOMER"
"Good",28.791600,"High","5 or more","College","More than 2","1_TEST CUSTOMER"
"Good",35.980378,"High","Less than 5","College","None or 1","1_TEST CUSTOMER"
"Good",27.970788,"High","Less than 5","High school","None or 1","1_TEST CUSTOMER"
"Good",28.130221,"High","5 or more","College","More than 2","1_TEST CUSTOMER"
"Good",34.820272,"High","5 or more","High school","More than 2","1_TEST CUSTOMER"
"Good",36.231490,"High","5 or more","College","More than 2","1_TEST CUSTOMER"
"Good",33.239629,"High","5 or more","High school","None or 1","1_TEST CUSTOMER"
"Good",33.443392,"Medium","5 or more","High school","More than 2","1_TEST CUSTOMER"
"Good",27.902020,"Medium","5 or more","College","More than 2","1_TEST CUSTOMER"
"Good",31.145059,"High","5 or more","High school","More than 2","1_TEST CUSTOMER"
"Good",33.939071,"High","Less than 5","College","None or 1","1_TEST CUSTOMER"
"Good",20.614934,"High","5 or more","College","More than 2","1_TEST CUSTOMER"
"Good",41.638714,"Medium","Less than 5","High school","None or 1","1_TEST CUSTOMER"
"Good",31.960495,"Medium","Less than 5","College","None or 1","1_TEST CUSTOMER"
"Good",47.833235,"High","Less than 5","High school","None or 1","1_TEST CUSTOMER"
"Good",33.521563,"High","5 or more","High school","More than 2","1_TEST CUSTOMER"
"Good",52.591175,"High","5 or more","High school","None or 1","1_TEST CUSTOMER"
"Good",38.584139,"High","5 or more","High school","More than 2","1_TEST CUSTOMER"
"Good",46.652862,"High","Less than 5","High school","None or 1","1_TEST CUSTOMER"
"Good",26.145204,"Low","Less than 5","College","None or 1","1_TEST CUSTOMER"
"Good",46.213298,"High","5 or more","High school","More than 2","1_TEST CUSTOMER"
"Good",40.592987,"Medium","5 or more","College","More than 2","1_TEST CUSTOMER"
"Good",26.199592,"High","5 or more","High school","More than 2","1_TEST CUSTOMER"
"Good",52.361252,"Medium","Less than 5","College","None or 1","1_TEST CUSTOMER"
"Good",46.334366,"High","Less than 5","College","None or 1","1_TEST CUSTOMER"
"Good",24.794918,"High","Less than 5","High school","None or 1","1_TEST CUSTOMER"
"Good",34.122847,"High","Less than 5","High school","More than 2","2_CHECK CUSTOMER"
"Good",20.133986,"Medium","Less than 5","College","None or 1","1_TEST CUSTOMER"
"Good",42.744173,"High","5 or more","High school","More than 2","1_TEST CUSTOMER"
"Good",43.034806,"High","Less than 5","College","None or 1","1_TEST CUSTOMER"
"Good",33.448869,"Medium","5 or more","High school","More than 2","1_TEST CUSTOMER"
"Good",34.912243,"Medium","Less than 5","High school","More than 2","1_TEST CUSTOMER"
"Good",51.048094,"High","5 or more","High school","More than 2","1_TEST CUSTOMER"
"Good",35.257898,"High","5 or more","College","More than 2","1_TEST CUSTOMER"
"Good",47.080142,"High","5 or more","College","More than 2","1_TEST CUSTOMER"
"Good",29.090319,"High","5 or more","High school","More than 2","1_TEST CUSTOMER"
"Good",47.281597,"High","5 or more","College","More than 2","1_TEST CUSTOMER"
"Good",48.295429,"High","5 or more","High school","More than 2","2_CHECK CUSTOMER"
"Good",39.354732,"High","5 or more","College","More than 2","1_TEST CUSTOMER"
"Good",44.488173,"High","Less than 5","High school","None or 1","1_TEST CUSTOMER"
"Good",29.876862,"Medium","Less than 5","College","None or 1","2_CHECK CUSTOMER"
"Good",34.820081,"Medium","Less than 5","High school","None or 1","1_TEST CUSTOMER"
"Good",33.843857,"High","5 or more","High school","More than 2","1_TEST CUSTOMER"
"Good",40.834577,"Medium","Less than 5","College","None or 1","2_CHECK CUSTOMER"
"Good",33.712306,"Medium","5 or more","College","None or 1","1_TEST CUSTOMER"
"Good",44.649720,"High","5 or more","College","More than 2","1_TEST CUSTOMER"
"Good",26.771840,"High","5 or more","High school","More than 2","1_TEST CUSTOMER"
"Good",32.591192,"Medium","Less than 5","College","More than 2","1_TEST CUSTOMER"
"Good",32.834927,"High","Less than 5","High school","None or 1","2_CHECK CUSTOMER"
"Good",24.131626,"Medium","5 or more","High school","More than 2","1_TEST CUSTOMER"
"Good",39.411578,"High","5 or more","High school","More than 2","1_TEST CUSTOMER"
"Good",49.352484,"Medium","5 or more","High school","More than 2","1_TEST CUSTOMER"
"Good",31.158028,"Medium","Less than 5","College","None or 1","1_TEST CUSTOMER"
"Good",30.687019,"Medium","5 or more","High school","None or 1","1_TEST CUSTOMER"
"Good",42.087318,"Low","Less than 5","High school","None or 1","1_TEST CUSTOMER"
"Good",30.464702,"High","5 or more","College","More than 2","1_TEST CUSTOMER"
"Good",27.879788,"Medium","Less than 5","High school","None or 1","1_TEST CUSTOMER"
"Good",48.687896,"High","5 or more","High school","More than 2","1_TEST CUSTOMER"
"Good",36.110628,"High","5 or more","High school","None or 1","1_TEST CUSTOMER"
"Good",40.963444,"Medium","Less than 5","College","None or 1","1_TEST CUSTOMER"
"Good",36.023006,"Medium","5 or more","College","More than 2","2_CHECK CUSTOMER"
"Good",47.275069,"Medium","Less than 5","College","None or 1","1_TEST CUSTOMER"
"Good",40.783917,"High","5 or more","High school","None or 1","1_TEST CUSTOMER"
"Good",48.631510,"High","5 or more","College","More than 2","1_TEST CUSTOMER"
"Good",30.907671,"High","Less than 5","College","None or 1","1_TEST CUSTOMER"
"Good",44.898652,"Medium","5 or more","High school","More than 2","1_TEST CUSTOMER"
"Good",45.024152,"Medium","Less than 5","High school","More than 2","1_TEST CUSTOMER"
"Good",35.997858,"Medium","5 or more","College","More than 2","2_CHECK CUSTOMER"
"Good",29.907150,"Low","Less than 5","College","None or 1","1_TEST CUSTOMER"
"Good",38.244885,"High","5 or more","High school","None or 1","1_TEST CUSTOMER"
"Good",35.781675,"Medium","Less than 5","College","None or 1","1_TEST CUSTOMER"
"Good",44.249059,"Medium","Less than 5","College","None or 1","1_TEST CUSTOMER"
"Good",31.987980,"High","5 or more","High school","More than 2","1_TEST CUSTOMER"
"Good",24.764193,"Medium","Less than 5","College","None or 1","1_TEST CUSTOMER"
"Good",50.415595,"Medium","Less than 5","High school","None or 1","1_TEST CUSTOMER"
"Good",35.911979,"Medium","5 or more","College","More than 2","1_TEST CUSTOMER"
"Good",44.993733,"High","5 or more","College","More than 2","1_TEST CUSTOMER"
"Good",28.087539,"High","Less than 5","College","None or 1","1_TEST CUSTOMER"
"Good",24.962668,"High","5 or more","College","More than 2","1_TEST CUSTOMER"
"Good",40.808091,"High","5 or more","High school","More than 2","1_TEST CUSTOMER"
"Good",41.497242,"High","Less than 5","College","None or 1","1_TEST CUSTOMER"
"Good",35.465153,"Medium","5 or more","College","None or 1","1_TEST CUSTOMER"
"Good",34.823004,"Medium","Less than 5","College","None or 1","1_TEST CUSTOMER"
"Good",24.725281,"High","5 or more","High school","More than 2","2_CHECK CUSTOMER"
"Good",38.739560,"High","5 or more","High school","More than 2","1_TEST CUSTOMER"
"Good",33.579542,"High","Less than 5","College","More than 2","1_TEST CUSTOMER"
"Good",43.264213,"Medium","5 or more","College","More than 2","1_TEST CUSTOMER"
"Good",27.310596,"High","5 or more","High school","More than 2","1_TEST CUSTOMER"
"Good",30.605181,"High","Less than 5","High school","None or 1","1_TEST CUSTOMER"
"Good",44.442105,"Medium","5 or more","College","More than 2","1_TEST CUSTOMER"
"Good",38.425507,"High","Less than 5","College","None or 1","1_TEST CUSTOMER"
"Good",35.888098,"Medium","5 or more","College","More than 2","1_TEST CUSTOMER"
"Good",28.174647,"Medium","Less than 5","High school","None or 1","1_TEST CUSTOMER"
"Good",20.851059,"Medium","5 or more","College","More than 2","1_TEST CUSTOMER"
"Good",41.701102,"Low","5 or more","College","None or 1","1_TEST CUSTOMER"
"Good",50.042612,"Medium","Less than 5","College","None or 1","1_TEST CUSTOMER"
"Good",22.801880,"Medium","Less than 5","College","More than 2","1_TEST CUSTOMER"
"Good",47.546397,"High","5 or more","College","None or 1","1_TEST CUSTOMER"
"Good",43.260290,"Medium","Less than 5","College","None or 1","1_TEST CUSTOMER"
"Good",29.700388,"Medium","Less than 5","College","None or 1","1_TEST CUSTOMER"
"Good",29.773237,"High","5 or more","High school","More than 2","1_TEST CUSTOMER"
"Good",39.239360,"Medium","Less than 5","College","None or 1","1_TEST CUSTOMER"
"Good",50.669985,"Medium","5 or more","High school","More than 2","1_TEST CUSTOMER"
"Good",37.671527,"High","Less than 5","College","None or 1","1_TEST CUSTOMER"
"Good",42.425696,"High","Less than 5","College","None or 1","1_TEST CUSTOMER"
"Good",35.446639,"High","Less than 5","High school","None or 1","1_TEST CUSTOMER"
"Good",26.997550,"Low","Less than 5","High school","None or 1","1_TEST CUSTOMER"
"Good",32.971847,"Medium","Less than 5","College","None or 1","1_TEST CUSTOMER"
"Good",31.902388,"High","Less than 5","College","None or 1","1_TEST CUSTOMER"
"Good",45.841716,"High","5 or more","College","More than 2","1_TEST CUSTOMER"
"Good",45.269262,"Medium","5 or more","College","More than 2","1_TEST CUSTOMER"
"Good",26.155333,"Medium","Less than 5","College","None or 1","1_TEST CUSTOMER"
"Good",27.465107,"High","Less than 5","College","None or 1","1_TEST CUSTOMER"
"Good",30.243135,"High","5 or more","High school","More than 2","1_TEST CUSTOMER"
"Good",35.861326,"High","5 or more","College","More than 2","1_TEST CUSTOMER"
"Good",49.790346,"High","5 or more","High school","More than 2","1_TEST CUSTOMER"
"Good",38.381558,"Medium","Less than 5","High school","None or 1","1_TEST CUSTOMER"
"Good",35.005526,"Medium","5 or more","High school","More than 2","1_TEST CUSTOMER"
"Good",46.666611,"Low","Less than 5","High school","None or 1","1_TEST CUSTOMER"
"Good",25.612683,"High","5 or more","College","More than 2","1_TEST CUSTOMER"
"Good",31.174200,"Medium","5 or more","College","More than 2","1_TEST CUSTOMER"
"Good",28.498023,"Medium","5 or more","High school","None or 1","1_TEST CUSTOMER"
"Good",48.046037,"Medium","5 or more","College","More than 2","1_TEST CUSTOMER"
"Good",33.330862,"High","5 or more","College","More than 2","1_TEST CUSTOMER"
"Good",33.204122,"Medium","5 or more","College","More than 2","1_TEST CUSTOMER"
"Good",27.922829,"Medium","5 or more","High school","More than 2","1_TEST CUSTOMER"
"Good",21.978252,"High","5 or more","College","More than 2","1_TEST CUSTOMER"
"Good",26.828866,"High","Less than 5","High school","None or 1","1_TEST CUSTOMER"
"Good",34.751410,"Medium","Less than 5","High school","None or 1","1_TEST CUSTOMER"
"Good",46.135211,"High","Less than 5","High school","None or 1","1_TEST CUSTOMER"
"Good",37.024502,"High","Less than 5","College","None or 1","2_CHECK CUSTOMER"
"Good",50.378954,"High","5 or more","High school","More than 2","1_TEST CUSTOMER"
"Good",21.787413,"High","Less than 5","High school","None or 1","1_TEST CUSTOMER"
"Good",21.190928,"Medium","5 or more","College","More than 2","1_TEST CUSTOMER"
"Good",46.358247,"Medium","Less than 5","College","None or 1","1_TEST CUSTOMER"
"Good",41.650515,"High","5 or more","High school","More than 2","1_TEST CUSTOMER"
"Good",39.272777,"Medium","5 or more","High school","More than 2","1_TEST CUSTOMER"
"Good",20.326767,"High","5 or more","College","More than 2","1_TEST CUSTOMER"
"Good",33.696149,"High","5 or more","High school","More than 2","1_TEST CUSTOMER"
"Good",53.367061,"High","Less than 5","High school","None or 1","1_TEST CUSTOMER"
"Good",35.860472,"Medium","Less than 5","College","None or 1","1_TEST CUSTOMER"
"Good",33.274674,"Medium","Less than 5","College","None or 1","1_TEST CUSTOMER"
"Good",26.122670,"Medium","5 or more","High school","More than 2","1_TEST CUSTOMER"
"Good",43.554659,"Medium","5 or more","College","None or 1","1_TEST CUSTOMER"
"Good",33.758680,"Medium","Less than 5","High school","More than 2","1_TEST CUSTOMER"
"Good",26.892866,"Medium","Less than 5","High school","None or 1","1_TEST CUSTOMER"
"Good",39.258831,"Medium","Less than 5","College","None or 1","1_TEST CUSTOMER"
"Good",57.394005,"High","5 or more","College","More than 2","2_CHECK CUSTOMER"
"Good",47.296844,"Low","5 or more","High school","More than 2","1_TEST CUSTOMER"
"Good",62.451231,"Medium","5 or more","High school","None or 1","1_TEST CUSTOMER"
"Good",42.837038,"High","5 or more","College","More than 2","1_TEST CUSTOMER"
"Good",39.611818,"Medium","5 or more","College","More than 2","1_TEST CUSTOMER"
"Good",39.303751,"High","Less than 5","College","None or 1","1_TEST CUSTOMER"
"Good",46.992031,"High","Less than 5","High school","None or 1","1_TEST CUSTOMER"
"Good",25.839942,"Medium","5 or more","College","More than 2","1_TEST CUSTOMER"
"Good",44.536503,"High","5 or more","College","More than 2","1_TEST CUSTOMER"
"Good",42.872288,"High","Less than 5","College","None or 1","1_TEST CUSTOMER"
"Good",38.259764,"High","Less than 5","High school","None or 1","1_TEST CUSTOMER"
"Good",38.602902,"High","Less than 5","College","None or 1","1_TEST CUSTOMER"
"Good",31.911423,"High","5 or more","College","More than 2","1_TEST CUSTOMER"
"Good",33.503418,"High","Less than 5","College","None or 1","1_TEST CUSTOMER"
"Good",31.500189,"High","Less than 5","College","None or 1","1_TEST CUSTOMER"
"Good",30.396443,"High","5 or more","College","More than 2","1_TEST CUSTOMER"
"Good",24.950131,"Medium","Less than 5","High school","More than 2","1_TEST CUSTOMER"
"Good",41.059428,"High","5 or more","High school","More than 2","1_TEST CUSTOMER"
"Good",37.971045,"Medium","Less than 5","College","None or 1","1_TEST CUSTOMER"
"Good",41.884638,"Medium","Less than 5","High school","None or 1","1_TEST CUSTOMER"
"Good",28.080695,"Medium","Less than 5","High school","None or 1","1_TEST CUSTOMER"
"Good",33.037161,"High","Less than 5","College","More than 2","1_TEST CUSTOMER"
"Good",41.312548,"High","Less than 5","College","None or 1","2_CHECK CUSTOMER"
"Good",46.112351,"High","5 or more","College","More than 2","1_TEST CUSTOMER"
"Good",23.900803,"Medium","Less than 5","High school","None or 1","1_TEST CUSTOMER"
"Good",27.418716,"Medium","Less than 5","High school","More than 2","1_TEST CUSTOMER"
"Good",34.055089,"Medium","Less than 5","High school","None or 1","1_TEST CUSTOMER"
"Good",39.410002,"High","Less than 5","High school","None or 1","1_TEST CUSTOMER"
"Good",28.830680,"High","Less than 5","College","None or 1","1_TEST CUSTOMER"
"Good",39.988945,"Medium","Less than 5","College","More than 2","1_TEST CUSTOMER"
"Good",27.972260,"High","Less than 5","College","None or 1","1_TEST CUSTOMER"
"Good",38.079341,"High","Less than 5","College","More than 2","1_TEST CUSTOMER"
"Good",25.270690,"High","Less than 5","High school","None or 1","1_TEST CUSTOMER"
"Good",27.763336,"Medium","Less than 5","High school","None or 1","1_TEST CUSTOMER"
"Good",34.654817,"High","Less than 5","High school","None or 1","1_TEST CUSTOMER"
"Good",40.068814,"Medium","Less than 5","College","None or 1","1_TEST CUSTOMER"
"Good",31.829184,"High","5 or more","High school","More than 2","1_TEST CUSTOMER"
"Good",37.735304,"High","Less than 5","High school","None or 1","1_TEST CUSTOMER"
"Good",37.226357,"Medium","5 or more","College","More than 2","1_TEST CUSTOMER"
"Good",36.618948,"Medium","5 or more","High school","None or 1","2_CHECK CUSTOMER"
"Good",33.457894,"Medium","5 or more","College","More than 2","1_TEST CUSTOMER"
"Good",45.271502,"Medium","5 or more","High school","None or 1","1_TEST CUSTOMER"
"Good",33.306040,"High","Less than 5","College","None or 1","1_TEST CUSTOMER"
"Good",33.342998,"Medium","5 or more","High school","More than 2","1_TEST CUSTOMER"
"Good",42.180877,"High","5 or more","High school","None or 1","1_TEST CUSTOMER"
"Good",47.189358,"High","Less than 5","College","None or 1","1_TEST CUSTOMER"
"Good",39.928765,"High","5 or more","College","More than 2","1_TEST CUSTOMER"
"Good",41.595714,"Medium","5 or more","College","More than 2","1_TEST CUSTOMER"
"Good",32.166997,"High","Less than 5","High school","None or 1","1_TEST CUSTOMER"
"Good",38.739600,"High","5 or more","College","More than 2","1_TEST CUSTOMER"
"Good",45.831870,"High","5 or more","College","More than 2","1_TEST CUSTOMER"
"Good",28.567562,"High","Less than 5","College","None or 1","1_TEST CUSTOMER"
"Good",32.230237,"High","5 or more","High school","More than 2","1_TEST CUSTOMER"
"Good",20.653237,"High","Less than 5","High school","None or 1","1_TEST CUSTOMER"
"Good",43.742621,"High","Less than 5","High school","None or 1","1_TEST CUSTOMER"
"Good",30.891315,"Medium","Less than 5","College","None or 1","1_TEST CUSTOMER"
"Good",38.383568,"High","Less than 5","High school","None or 1","1_TEST CUSTOMER"
"Good",48.198290,"Medium","5 or more","High school","More than 2","1_TEST CUSTOMER"
"Good",29.805588,"High","Less than 5","High school","None or 1","1_TEST CUSTOMER"
"Good",45.570071,"Medium","5 or more","College","More than 2","1_TEST CUSTOMER"
"Good",41.909850,"Medium","5 or more","High school","None or 1","1_TEST CUSTOMER"
"Good",37.064629,"Medium","Less than 5","High school","None or 1","1_TEST CUSTOMER"
"Good",39.316153,"High","5 or more","High school","More than 2","1_TEST CUSTOMER"
"Good",37.188476,"Medium","Less than 5","High school","None or 1","1_TEST CUSTOMER"
"Good",46.515869,"Medium","Less than 5","College","More than 2","1_TEST CUSTOMER"
"Good",27.209928,"Medium","5 or more","College","More than 2","1_TEST CUSTOMER"
"Good",39.223471,"Low","Less than 5","College","None or 1","1_TEST CUSTOMER"
"Good",32.824884,"Medium","Less than 5","College","None or 1","1_TEST CUSTOMER"
"Good",22.771024,"High","5 or more","College","None or 1","2_CHECK CUSTOMER"
"Good",53.417233,"High","5 or more","High school","More than 2","1_TEST CUSTOMER"
"Good",24.311985,"High","5 or more","College","None or 1","1_TEST CUSTOMER"
"Good",42.799276,"High","5 or more","High school","More than 2","1_TEST CUSTOMER"
"Good",53.666022,"Low","Less than 5","College","None or 1","1_TEST CUSTOMER"
"Good",42.385118,"Low","5 or more","College","More than 2","1_TEST CUSTOMER"
"Good",34.812721,"Medium","5 or more","High school","More than 2","1_TEST CUSTOMER"
"Good",25.711709,"High","5 or more","College","None or 1","1_TEST CUSTOMER"
"Good",37.890890,"Medium","Less than 5","High school","None or 1","1_TEST CUSTOMER"
"Good",47.751953,"High","5 or more","College","None or 1","1_TEST CUSTOMER"
"Good",27.724680,"Low","5 or more","College","More than 2","1_TEST CUSTOMER"
"Good",25.932822,"Medium","Less than 5","High school","None or 1","1_TEST CUSTOMER"
"Good",44.342534,"High","Less than 5","High school","None or 1","2_CHECK CUSTOMER"
"Good",31.801813,"High","Less than 5","High school","None or 1","1_TEST CUSTOMER"
"Good",37.979909,"High","Less than 5","High school","None or 1","1_TEST CUSTOMER"
"Good",52.691261,"Medium","5 or more","High school","More than 2","1_TEST CUSTOMER"
"Good",25.830381,"High","5 or more","High school","More than 2","1_TEST CUSTOMER"
"Good",23.621367,"Medium","Less than 5","College","None or 1","1_TEST CUSTOMER"
"Good",23.119892,"High","Less than 5","College","None or 1","1_TEST CUSTOMER"
"Good",26.893285,"High","Less than 5","High school","None or 1","1_TEST CUSTOMER"
"Good",38.729005,"High","Less than 5","High school","None or 1","1_TEST CUSTOMER"
"Good",42.191254,"Medium","Less than 5","High school","None or 1","1_TEST CUSTOMER"
"Good",41.943147,"Medium","Less than 5","High school","None or 1","1_TEST CUSTOMER"
"Good",36.421476,"High","Less than 5","High school","None or 1","1_TEST CUSTOMER"
"Good",27.120143,"Medium","Less than 5","College","None or 1","1_TEST CUSTOMER"
"Good",28.778002,"Medium","Less than 5","High school","None or 1","1_TEST CUSTOMER"
"Good",60.795752,"High","Less than 5","High school","None or 1","1_TEST CUSTOMER"
"Good",44.502422,"Medium","5 or more","College","More than 2","1_TEST CUSTOMER"
"Good",40.977799,"High","Less than 5","College","None or 1","1_TEST CUSTOMER"
"Good",31.083225,"Medium","Less than 5","College","None or 1","1_TEST CUSTOMER"
"Good",41.303060,"High","Less than 5","High school","None or 1","1_TEST CUSTOMER"
"Good",29.582981,"Medium","Less than 5","High school","None or 1","1_TEST CUSTOMER"
"Good",27.881476,"Medium","5 or more","High school","More than 2","1_TEST CUSTOMER"
"Good",42.504372,"Medium","5 or more","High school","None or 1","1_TEST CUSTOMER"
"Good",34.861508,"Medium","5 or more","High school","More than 2","1_TEST CUSTOMER"
"Good",49.699911,"High","Less than 5","High school","None or 1","1_TEST CUSTOMER"
"Good",41.433548,"Medium","Less than 5","High school","None or 1","2_CHECK CUSTOMER"
"Good",43.516546,"Medium","5 or more","High school","More than 2","1_TEST CUSTOMER"
"Good",29.596684,"Medium","5 or more","High school","None or 1","1_TEST CUSTOMER"
"Good",43.041386,"High","Less than 5","College","None or 1","1_TEST CUSTOMER"
"Good",39.146179,"Medium","5 or more","High school","More than 2","1_TEST CUSTOMER"
"Good",37.492133,"Low","5 or more","College","More than 2","1_TEST CUSTOMER"
"Good",40.973497,"High","5 or more","High school","More than 2","1_TEST CUSTOMER"
"Good",45.483824,"High","Less than 5","High school","None or 1","1_TEST CUSTOMER"
"Good",41.695473,"Medium","5 or more","High school","More than 2","1_TEST CUSTOMER"
"Good",37.386159,"Low","5 or more","High school","More than 2","1_TEST CUSTOMER"
"Good",35.765621,"High","5 or more","High school","More than 2","1_TEST CUSTOMER"
"Good",43.529828,"Medium","Less than 5","High school","None or 1","1_TEST CUSTOMER"
"Good",34.175758,"High","5 or more","High school","More than 2","1_TEST CUSTOMER"
"Good",32.823620,"Low","5 or more","High school","More than 2","1_TEST CUSTOMER"
"Good",34.242365,"High","Less than 5","High school","None or 1","1_TEST CUSTOMER"
"Good",50.174445,"Low","Less than 5","High school","None or 1","1_TEST CUSTOMER"
"Good",26.589088,"Low","5 or more","College","More than 2","1_TEST CUSTOMER"
"Good",44.958312,"Medium","Less than 5","College","More than 2","1_TEST CUSTOMER"
"Good",23.306887,"Medium","Less than 5","High school","None or 1","1_TEST CUSTOMER"
"Good",41.393587,"High","Less than 5","High school","More than 2","1_TEST CUSTOMER"
"Good",20.218237,"Low","Less than 5","High school","None or 1","1_TEST CUSTOMER"
"Good",28.605616,"High","5 or more","College","More than 2","1_TEST CUSTOMER"
"Good",33.802565,"High","5 or more","College","More than 2","1_TEST CUSTOMER"
"Good",43.444102,"Medium","5 or more","College","More than 2","1_TEST CUSTOMER"
"Good",26.903040,"Medium","Less than 5","College","None or 1","1_TEST CUSTOMER"
"Good",45.431996,"High","Less than 5","College","None or 1","1_TEST CUSTOMER"
"Good",29.169977,"High","5 or more","High school","More than 2","1_TEST CUSTOMER"
"Good",24.106955,"High","Less than 5","High school","None or 1","1_TEST CUSTOMER"
"Good",39.112526,"Medium","5 or more","High school","More than 2","1_TEST CUSTOMER"
"Good",41.992860,"High","5 or more","College","More than 2","1_TEST CUSTOMER"
"Good",28.639973,"High","5 or more","College","More than 2","1_TEST CUSTOMER"
"Good",28.557437,"High","5 or more","College","More than 2","1_TEST CUSTOMER"
"Good",45.554625,"Medium","Less than 5","High school","None or 1","1_TEST CUSTOMER"
"Good",30.784805,"High","5 or more","College","More than 2","1_TEST CUSTOMER"
"Good",32.831463,"High","5 or more","College","More than 2","1_TEST CUSTOMER"
"Good",34.971923,"High","Less than 5","High school","None or 1","1_TEST CUSTOMER"
"Good",30.864916,"Medium","5 or more","College","More than 2","1_TEST CUSTOMER"
"Good",43.086124,"High","Less than 5","College","None or 1","1_TEST CUSTOMER"
"Good",38.976162,"Medium","Less than 5","College","None or 1","1_TEST CUSTOMER"
"Good",21.923847,"High","Less than 5","High school","None or 1","2_CHECK CUSTOMER"
"Good",44.112754,"High","Less than 5","High school","More than 2","1_TEST CUSTOMER"
"Good",39.695874,"Medium","Less than 5","High school","None or 1","1_TEST CUSTOMER"
"Good",30.627864,"High","5 or more","High school","More than 2","1_TEST CUSTOMER"
"Good",42.730313,"Medium","Less than 5","College","None or 1","1_TEST CUSTOMER"
"Good",22.519131,"High","5 or more","High school","More than 2","2_CHECK CUSTOMER"
"Good",34.429142,"Medium","Less than 5","High school","None or 1","1_TEST CUSTOMER"
"Good",45.296301,"Medium","Less than 5","High school","None or 1","1_TEST CUSTOMER"
"Good",35.141888,"Medium","Less than 5","High school","None or 1","1_TEST CUSTOMER"
"Good",42.967709,"High","Less than 5","High school","None or 1","1_TEST CUSTOMER"
"Good",58.360728,"Medium","5 or more","College","More than 2","1_TEST CUSTOMER"
"Good",35.176607,"Medium","5 or more","High school","More than 2","2_CHECK CUSTOMER"
"Good",36.901684,"High","5 or more","College","More than 2","1_TEST CUSTOMER"
"Good",39.837671,"High","Less than 5","High school","None or 1","1_TEST CUSTOMER"
"Good",34.111090,"Medium","Less than 5","High school","None or 1","1_TEST CUSTOMER"
"Good",27.698855,"High","5 or more","High school","None or 1","1_TEST CUSTOMER"
"Good",34.951654,"High","5 or more","College","More than 2","2_CHECK CUSTOMER"
"Good",33.170610,"High","Less than 5","College","None or 1","1_TEST CUSTOMER"
"Good",23.600831,"Medium","Less than 5","College","More than 2","1_TEST CUSTOMER"
"Good",37.828806,"Medium","5 or more","College","More than 2","1_TEST CUSTOMER"
"Good",21.610767,"High","5 or more","College","More than 2","1_TEST CUSTOMER"
"Good",28.297843,"High","Less than 5","College","None or 1","1_TEST CUSTOMER"
"Good",50.405935,"Medium","Less than 5","High school","None or 1","1_TEST CUSTOMER"
"Good",22.685601,"High","Less than 5","High school","None or 1","1_TEST CUSTOMER"
"Good",32.689131,"High","Less than 5","College","None or 1","1_TEST CUSTOMER"
"Good",21.276094,"Medium","Less than 5","High school","None or 1","1_TEST CUSTOMER"
"Good",31.950830,"High","Less than 5","College","None or 1","1_TEST CUSTOMER"
"Good",39.178293,"High","5 or more","College","More than 2","1_TEST CUSTOMER"
"Good",33.134472,"Medium","Less than 5","College","More than 2","1_TEST CUSTOMER"
"Good",41.591496,"High","5 or more","High school","More than 2","1_TEST CUSTOMER"
"Good",26.520018,"Medium","Less than 5","College","None or 1","2_CHECK CUSTOMER"
"Good",38.497397,"High","Less than 5","High school","None or 1","2_CHECK CUSTOMER"
"Good",49.789493,"Medium","Less than 5","College","None or 1","1_TEST CUSTOMER"
"Good",45.486926,"Medium","Less than 5","High school","None or 1","1_TEST CUSTOMER"
"Good",37.577383,"High","Less than 5","College","More than 2","1_TEST CUSTOMER"
"Good",28.682949,"Medium","Less than 5","College","None or 1","1_TEST CUSTOMER"
"Good",46.946313,"High","5 or more","College","More than 2","1_TEST CUSTOMER"
"Good",52.773303,"Medium","Less than 5","High school","None or 1","1_TEST CUSTOMER"
"Good",38.585354,"High","Less than 5","College","None or 1","1_TEST CUSTOMER"
"Good",39.523521,"High","Less than 5","High school","More than 2","2_CHECK CUSTOMER"
"Good",26.334159,"High","Less than 5","College","None or 1","1_TEST CUSTOMER"
"Good",41.331986,"High","5 or more","College","More than 2","1_TEST CUSTOMER"
"Good",38.786880,"High","5 or more","High school","More than 2","1_TEST CUSTOMER"
"Good",30.437076,"High","Less than 5","College","None or 1","1_TEST CUSTOMER"
"Good",30.155333,"Medium","Less than 5","High school","None or 1","1_TEST CUSTOMER"
"Good",45.957317,"Medium","Less than 5","High school","None or 1","1_TEST CUSTOMER"
"Good",40.887944,"Medium","5 or more","High school","More than 2","1_TEST CUSTOMER"
"Good",50.877978,"High","5 or more","College","More than 2","1_TEST CUSTOMER"
"Good",39.963334,"Medium","Less than 5","High school","None or 1","1_TEST CUSTOMER"
"Good",22.759949,"High","Less than 5","High school","None or 1","1_TEST CUSTOMER"
"Good",32.171153,"Medium","5 or more","High school","More than 2","1_TEST CUSTOMER"
"Good",39.194548,"High","Less than 5","High school","None or 1","1_TEST CUSTOMER"
"Good",28.330258,"High","Less than 5","College","None or 1","1_TEST CUSTOMER"
"Good",36.539183,"Medium","Less than 5","High school","None or 1","2_CHECK CUSTOMER"
"Good",35.348443,"High","5 or more","College","More than 2","1_TEST CUSTOMER"
"Good",51.842037,"Medium","Less than 5","High school","None or 1","2_CHECK CUSTOMER"
"Good",47.222231,"High","5 or more","College","More than 2","1_TEST CUSTOMER"
"Good",51.072070,"Medium","5 or more","High school","More than 2","1_TEST CUSTOMER"
"Good",36.094163,"High","Less than 5","High school","None or 1","1_TEST CUSTOMER"
"Good",39.093880,"Medium","Less than 5","High school","None or 1","1_TEST CUSTOMER"
"Good",28.485816,"High","5 or more","College","More than 2","1_TEST CUSTOMER"
"Good",41.062427,"High","Less than 5","High school","None or 1","1_TEST CUSTOMER"
"Good",41.492442,"Medium","5 or more","High school","More than 2","1_TEST CUSTOMER"
"Good",20.424919,"Low","Less than 5","College","None or 1","2_CHECK CUSTOMER"
"Good",24.171516,"Medium","Less than 5","High school","None or 1","1_TEST CUSTOMER"
"Good",37.856559,"Low","5 or more","College","More than 2","1_TEST CUSTOMER"
"Good",53.065534,"High","5 or more","High school","More than 2","1_TEST CUSTOMER"
"Good",34.177687,"Medium","5 or more","College","More than 2","1_TEST CUSTOMER"
"Good",39.779818,"High","5 or more","College","None or 1","1_TEST CUSTOMER"
"Good",31.175329,"Medium","Less than 5","College","More than 2","2_CHECK CUSTOMER"
"Good",40.446653,"Medium","Less than 5","College","More than 2","1_TEST CUSTOMER"
"Good",26.104500,"Low","5 or more","College","More than 2","1_TEST CUSTOMER"
"Good",36.804354,"Medium","Less than 5","College","None or 1","1_TEST CUSTOMER"
"Good",34.767348,"Low","Less than 5","High school","None or 1","1_TEST CUSTOMER"
"Good",29.920342,"Low","5 or more","College","More than 2","1_TEST CUSTOMER"
"Good",40.907068,"High","5 or more","College","More than 2","1_TEST CUSTOMER"
"Good",38.883556,"High","Less than 5","High school","None or 1","1_TEST CUSTOMER"
"Good",28.669690,"High","5 or more","High school","More than 2","1_TEST CUSTOMER"
"Good",36.097133,"High","5 or more","College","More than 2","1_TEST CUSTOMER"
"Good",38.010349,"High","5 or more","High school","More than 2","1_TEST CUSTOMER"
"Good",27.704403,"High","Less than 5","High school","None or 1","1_TEST CUSTOMER"
"Good",34.318732,"Medium","Less than 5","High school","None or 1","2_CHECK CUSTOMER"
"Good",28.576995,"Medium","5 or more","High school","More than 2","1_TEST CUSTOMER"
"Good",32.352415,"Medium","Less than 5","High school","None or 1","1_TEST CUSTOMER"
"Good",44.466827,"Medium","Less than 5","College","None or 1","1_TEST CUSTOMER"
"Good",41.361939,"Medium","5 or more","College","None or 1","1_TEST CUSTOMER"
"Good",38.582872,"High","5 or more","High school","More than 2","1_TEST CUSTOMER"
"Good",32.291755,"Medium","5 or more","High school","None or 1","1_TEST CUSTOMER"
"Good",28.060107,"High","Less than 5","High school","None or 1","1_TEST CUSTOMER"
"Good",39.721017,"High","Less than 5","High school","None or 1","1_TEST CUSTOMER"
"Good",44.850210,"Medium","5 or more","High school","More than 2","1_TEST CUSTOMER"
"Good",46.984513,"High","5 or more","High school","More than 2","1_TEST CUSTOMER"
"Good",20.697797,"High","Less than 5","College","None or 1","1_TEST CUSTOMER"
"Good",44.952506,"Medium","5 or more","High school","More than 2","2_CHECK CUSTOMER"
